loss,accuracy,val_loss,val_accuracy
1.8033475875854492,0.12631578743457794,1.6951396465301514,0.2857142984867096
1.7937772274017334,0.1508771926164627,1.6847071647644043,0.2857142984867096
