loss,accuracy,val_loss,val_accuracy
1.778022289276123,0.1859649121761322,1.7217878103256226,0.20000001788139343
1.7647705078125,0.20614035427570343,1.706408977508545,0.23333334922790527
1.7599127292633057,0.21666666865348816,1.6909421682357788,0.3333333432674408
1.746853232383728,0.22894737124443054,1.6747467517852783,0.30000001192092896
1.7400970458984375,0.2587719261646271,1.660537838935852,0.40000003576278687
