loss,accuracy,val_loss,val_accuracy
1.8194935321807861,0.17192982137203217,1.789048433303833,0.20000000298023224
1.7940601110458374,0.17894737422466278,1.764649510383606,0.20000000298023224
1.770639419555664,0.21929824352264404,1.7414685487747192,0.2666666805744171
1.7491984367370605,0.23333333432674408,1.7192429304122925,0.2666666805744171
1.7202976942062378,0.2666666805744171,1.696543574333191,0.2666666805744171
