loss,accuracy,val_loss,val_accuracy
1.7821980714797974,0.20701754093170166,1.7224661111831665,0.2857142984867096
1.769152045249939,0.23157894611358643,1.6931654214859009,0.2857142984867096
