loss,accuracy,val_loss,val_accuracy
1.8026248216629028,0.12631578743457794,1.8776352405548096,0.0
1.7959483861923218,0.1350877285003662,1.8649053573608398,0.0
