loss,accuracy,val_loss,val_accuracy
1.791203260421753,0.18157894909381866,1.7600613832473755,0.1666666716337204
1.7829557657241821,0.18771930038928986,1.766883134841919,0.13333334028720856
1.7787494659423828,0.1824561506509781,1.7730239629745483,0.13333334028720856
1.7742775678634644,0.19385965168476105,1.775848388671875,0.1666666716337204
1.77207350730896,0.19736842811107635,1.7744730710983276,0.1666666716337204
