loss,accuracy,val_loss,val_accuracy
1.7824536561965942,0.1824561506509781,1.7878749370574951,0.20000001788139343
1.7671362161636353,0.22631579637527466,1.7673465013504028,0.20000001788139343
