loss,accuracy,val_loss,val_accuracy
1.8099055290222168,0.12631578743457794,1.796205759048462,0.20000000298023224
1.7963241338729858,0.14035087823867798,1.7843339443206787,0.2666666805744171
1.7921994924545288,0.16140350699424744,1.771547555923462,0.2666666805744171
1.781758189201355,0.18421052396297455,1.758924126625061,0.2666666805744171
1.7748321294784546,0.19824561476707458,1.7468359470367432,0.2666666805744171
