loss,accuracy,val_loss,val_accuracy
1.8263218402862549,0.17298245429992676,1.795778751373291,0.2133333384990692
1.794027328491211,0.1880701780319214,1.775937557220459,0.23999999463558197
