loss,accuracy,val_loss,val_accuracy
1.7693034410476685,0.20807017385959625,1.7977819442749023,0.14666666090488434
1.741877794265747,0.2754386067390442,1.7743656635284424,0.2800000011920929
