alpha,bif
0.0,226.5999999999833
0.1,214.89999999998065
0.2,203.199999999978
0.3,191.29999999997528
0.4,178.69999999997242
