scale_up,bif
0.6,106.19999999994457
0.8,154.09999999995546
1.0,201.2999999999662
1.2,249.59999999997717
1.4,298.4999999999883
