scale_up,bif
0.8,154.09999999995546
0.9,177.5999999999608
1.0,201.2999999999662
1.1,225.39999999997167
1.2,249.59999999997717
